prompt,target,keyboard space bar,patio,dog sled,gymnastic horizontal bar,seat belt,balance beam,total,volleyball,miniskirt,baseball player,sunglasses,swimming cap,snorkel,ski,hockey puck,howler monkey
Do you see a CLASSNAME in the image? Answer with 'Yes' or 'No'.,Yes,0.78,0.7,0.68,0.58,0.54,0.48,0.36,0.34,0.26,0.22,0.24,0.18,0.16,0.14,0.06,0.04
Is there a CLASSNAME in the image? Answer with 'Yes' or 'No'.,Yes,0.78,0.8,0.68,0.58,0.56,0.44,0.38,0.34,0.28,0.26,0.28,0.18,0.18,0.16,0.1,0.08
Determine whether there is a CLASSNAME in the image. Reply with 'Yes' or 'No'.,Yes,0.74,0.72,0.62,0.5,0.48,0.48,0.33066666666666666,0.22,0.2,0.26,0.16,0.18,0.16,0.14,0.04,0.06
Average,Average,0.7666666666666666,0.7399999999999999,0.66,0.5533333333333333,0.5266666666666667,0.4666666666666666,0.35688888888888887,0.3,0.24666666666666667,0.24666666666666667,0.22666666666666668,0.18000000000000002,0.16666666666666666,0.1466666666666667,0.06666666666666667,0.06
