prompt,target,patio,dog sled,keyboard space bar,seat belt,gymnastic horizontal bar,balance beam,total,baseball player,snorkel,sunglasses,miniskirt,swimming cap,volleyball,ski,hockey puck,howler monkey
Do you see a CLASSNAME in the image? Answer with 'Yes' or 'No'.,Yes,0.76,0.74,0.66,0.54,0.6,0.46,0.36054421768707484,0.2,0.18,0.22727272727272727,0.26,0.2,0.2,0.14583333333333334,0.08888888888888889,0.08333333333333333
Is there a CLASSNAME in the image? Answer with 'Yes' or 'No'.,Yes,0.78,0.74,0.78,0.58,0.56,0.46,0.39319727891156464,0.28,0.28,0.29545454545454547,0.24,0.24,0.2,0.14583333333333334,0.13333333333333333,0.125
Determine whether there is a CLASSNAME in the image. Reply with 'Yes' or 'No'.,Yes,0.68,0.72,0.68,0.58,0.44,0.46,0.3510204081632653,0.26,0.26,0.18181818181818182,0.2,0.22,0.16,0.14583333333333334,0.1111111111111111,0.10416666666666667
Average,Average,0.7400000000000001,0.7333333333333334,0.7066666666666667,0.5666666666666668,0.5333333333333333,0.46,0.3682539682539683,0.24666666666666667,0.24,0.23484848484848486,0.2333333333333333,0.22,0.18666666666666668,0.14583333333333334,0.1111111111111111,0.10416666666666667
