prompt,target,patio,dog sled,keyboard space bar,balance beam,seat belt,ski,total,gymnastic horizontal bar,miniskirt,baseball player,hockey puck,swimming cap,howler monkey,volleyball,snorkel,sunglasses
Do you see a CLASSNAME in the image? Answer with 'Yes' or 'No'.,Yes,1.0,0.96,0.92,0.96,0.68,0.7,0.5146666666666667,0.58,0.46,0.34,0.18,0.24,0.22,0.3,0.14,0.04
Is there a CLASSNAME in the image? Answer with 'Yes' or 'No'.,Yes,0.98,0.94,0.96,0.96,0.72,0.6,0.5186666666666667,0.58,0.48,0.36,0.34,0.22,0.26,0.16,0.18,0.04
Determine whether there is a CLASSNAME in the image. Reply with 'Yes' or 'No'.,Yes,0.98,0.96,0.92,0.64,0.58,0.56,0.43466666666666665,0.28,0.32,0.36,0.16,0.22,0.16,0.16,0.18,0.04
Average,Average,0.9866666666666667,0.9533333333333333,0.9333333333333332,0.8533333333333334,0.66,0.62,0.48933333333333334,0.48,0.42,0.35333333333333333,0.22666666666666668,0.22666666666666666,0.21333333333333335,0.20666666666666667,0.16666666666666666,0.04
