prompt,target,keyboard space bar,dog sled,patio,balance beam,gymnastic horizontal bar,ski,miniskirt,total,seat belt,hockey puck,swimming cap,baseball player,volleyball,snorkel,howler monkey,sunglasses
Do you see a CLASSNAME in the image? Answer with 'Yes' or 'No'.,Yes,1.0,1.0,0.96,1.0,0.86,0.76,0.58,0.5653333333333334,0.52,0.5,0.3,0.28,0.38,0.18,0.12,0.04
Is there a CLASSNAME in the image? Answer with 'Yes' or 'No'.,Yes,1.0,0.98,0.96,0.98,0.86,0.7,0.62,0.568,0.54,0.58,0.32,0.3,0.28,0.2,0.16,0.04
Determine whether there is a CLASSNAME in the image. Reply with 'Yes' or 'No'.,Yes,1.0,0.96,0.92,0.7,0.4,0.6,0.52,0.46266666666666667,0.5,0.48,0.26,0.28,0.14,0.12,0.02,0.04
Average,Average,1.0,0.98,0.9466666666666667,0.8933333333333332,0.7066666666666667,0.6866666666666666,0.5733333333333334,0.532,0.52,0.52,0.29333333333333333,0.2866666666666667,0.26666666666666666,0.16666666666666666,0.10000000000000002,0.04
