prompt,target,patio,keyboard space bar,balance beam,dog sled,gymnastic horizontal bar,seat belt,volleyball,total,snorkel,sunglasses,miniskirt,ski,baseball player,swimming cap,howler monkey,hockey puck
Do you see a CLASSNAME in the image? Answer with 'Yes' or 'No'.,Yes,0.92,0.74,0.64,0.58,0.54,0.34,0.34,0.35080645161290325,0.28,0.24444444444444444,0.18,0.2,0.12,0.08,0.02040816326530612,0.02
Is there a CLASSNAME in the image? Answer with 'Yes' or 'No'.,Yes,1.0,0.8,0.7,0.58,0.52,0.46,0.36,0.37231182795698925,0.28,0.26666666666666666,0.18,0.2,0.1,0.08,0.02040816326530612,0.02
Determine whether there is a CLASSNAME in the image. Reply with 'Yes' or 'No'.,Yes,0.92,0.84,0.52,0.52,0.4,0.42,0.44,0.34946236559139787,0.22,0.26666666666666666,0.18,0.1,0.16,0.2,0.02040816326530612,0.02
Average,Average,0.9466666666666667,0.7933333333333333,0.62,0.5599999999999999,0.48666666666666664,0.4066666666666667,0.37999999999999995,0.3575268817204302,0.26,0.25925925925925924,0.18000000000000002,0.16666666666666666,0.12666666666666668,0.12,0.02040816326530612,0.02
