prompt,target,patio,keyboard space bar,seat belt,dog sled,balance beam,total,sunglasses,baseball player,gymnastic horizontal bar,volleyball,snorkel,swimming cap,ski,miniskirt,howler monkey,hockey puck
Do you see a CLASSNAME in the image? Answer with 'Yes' or 'No'.,Yes,0.42,0.16,0.14,0.2,0.08,0.10266666666666667,0.12,0.08,0.08,0.1,0.06,0.06,0.04,0.0,0.0,0.0
Is there a CLASSNAME in the image? Answer with 'Yes' or 'No'.,Yes,0.44,0.22,0.22,0.24,0.16,0.14,0.16,0.14,0.12,0.1,0.1,0.08,0.06,0.04,0.02,0.0
Determine whether there is a CLASSNAME in the image. Reply with 'Yes' or 'No'.,Yes,0.36,0.36,0.34,0.24,0.16,0.14,0.08,0.1,0.12,0.12,0.1,0.06,0.06,0.0,0.0,0.0
Average,Average,0.4066666666666667,0.24666666666666667,0.2333333333333333,0.22666666666666666,0.13333333333333333,0.12755555555555556,0.12000000000000001,0.10666666666666669,0.10666666666666667,0.10666666666666667,0.08666666666666667,0.06666666666666667,0.05333333333333334,0.013333333333333334,0.006666666666666667,0.0
