prompt,target,patio,baseball player,sunglasses,seat belt,swimming cap,dog sled,ski,gymnastic horizontal bar,howler monkey,snorkel,volleyball,total,miniskirt,balance beam,keyboard space bar,hockey puck
Do you see a CLASSNAME in the image? Answer with 'Yes' or 'No'.,Yes,1.0,1.0,1.0,0.98,0.98,0.94,0.96,0.92,0.92,0.9,0.96,0.9226666666666666,0.94,0.9,0.66,0.78
Is there a CLASSNAME in the image? Answer with 'Yes' or 'No'.,Yes,1.0,1.0,0.98,0.98,0.98,1.0,0.96,0.98,0.98,1.0,0.96,0.9626666666666667,0.92,0.94,0.94,0.82
Determine whether there is a CLASSNAME in the image. Reply with 'Yes' or 'No'.,Yes,1.0,1.0,0.98,0.98,0.98,0.96,0.98,1.0,0.98,0.98,0.94,0.9693333333333334,0.94,0.94,0.98,0.9
Average,Average,1.0,1.0,0.9866666666666667,0.98,0.98,0.9666666666666667,0.9666666666666667,0.9666666666666667,0.96,0.96,0.9533333333333333,0.9515555555555556,0.9333333333333332,0.9266666666666666,0.86,0.8333333333333334
